External ID;Name;Name;Name;Name;Sales Price
product_template_1;Bags;312;-;Small backpack Switzerland;4.00
product_template_2;Bags;313;-;Big bag with cities in beige;5.00
product_template_3;Bags;314;-;Big bag with cities in blue;5.00
product_template_4;Bags;315;-;Banana bag Switzerland;3.00
product_template_5;Bags;316;-;Shoulder bag Switzerland;3.00
product_template_6;Bags;324;-;Backpack Switzerland;6.00
product_template_7;Bags;350;-;Tote bag I love Bern off-white;2.00
product_template_8;Bags;351;-;Tote bag I love Crans-Montana off-white;2.00
product_template_9;Bags;352;-;Tote bag I love Genève off-white;2.00
product_template_10;Bags;354;-;Tote bag I love Interlaken off-white;2.00
product_template_11;Bags;355;-;Tote bag I love Lausanne off-white;2.00
product_template_12;Bags;356;-;Tote bag I love Luzern off-white;2.00
product_template_13;Bags;357;-;Tote bag I love Montreux;2.00
product_template_14;Bags;358;-;Tote bag I love Zermatt off-white;2.00
product_template_15;Bags;359;-;Tote bag I love Zürich off-white;2.00
product_template_16;Bags;360;-;Tote bag I love Swiss off-white;2.00
product_template_17;Bags;361;-;Tote bag I love Bern black;2.00
product_template_18;Bags;362;-;Tote bag I love Crans-Montana black;2.00
product_template_19;Bags;363;-;Tote bag I love Genève black;2.00
product_template_20;Bags;364;-;Tote bag I love Gruyères off-white;2.00
product_template_21;Bags;365;-;Tote bag I love Interlaken black;2.00
product_template_22;Bags;366;-;Tote bag I love Lausanne black;2.00
product_template_23;Bags;367;-;Tote bag I love Luzern black;2.00
product_template_24;Bags;368;-;Tote bag Montreux black;2.00
product_template_25;Bags;369;-;Tote bag I love Zermatt;2.00
product_template_26;Bags;370;-;Tote bag I love Zürich;2.00
product_template_27;Bags;371;-;Tote bag i love Swiss black;2.00
product_template_28;Bags;399;-;Tote bag Switzerland;2.00
product_template_29;Bags;400;-; Backpack Switzerland;6.00
product_template_30;Bags;400;-;Tote bag Bern;2.50
product_template_31;Bags;401;-;Tote bag Lausanne;2.50
product_template_32;Bags;402;-;Tote bag Genève;2.50
product_template_33;Bags;403;-;Tote bag Interlaken;2.50
product_template_34;Bags;404;-;Tote bag Zermatt;2.50
product_template_35;Bags;405;-;Tote bag Luzern;2.50
product_template_36;Bags;406;-;Tote bag Montreux;2.50
product_template_37;Bags;407;-;Tote bag Zürich;2.50
product_template_38;Bags;408;-;Tote bag Rheinfall;2.50
product_template_39;Bags;409;-;Tote bag Interlaken train;2.50
product_template_40;Bags;410;-;Tote bag Genève clock;2.50
product_template_41;Bags;411;-;Tote bag Bern bear;2.50
product_template_42;Bags;412;-;Tote bag Einstein blanc;2.50
product_template_43;Bags;413;-;Tote bag Einstein noir;2.50
product_template_44;Bags;414;-;Tote bag Luzern;2.50
product_template_45;Bags;415;-;Tote bag Montreux;2.50
product_template_46;Bags;416;-;Tote bag Zürich;2.50
product_template_47;Bags;417;-;Tote bag Rheinfall;2.50
product_template_48;Hats;1 B;-;Swiss flag striped beanie black;3.50
product_template_49;Hats;2 B;-;Swiss flag striped beanie pink;3.50
product_template_50;Hats;3 B;-;Swiss flag striped beanie marine;3.50
product_template_51;Hats;4 B;-;Swiss flag striped beanie red;3.50
product_template_52;Hats;5 B;-;Switzerland black wooly hat;6.00
product_template_53;Hats;6 B;-;Switzerland red wooly hat;6.00
product_template_54;Hats;7 B;-;Red woolly hat;5.00
product_template_55;Hats;8 B;-;Switzerland grey beanie;3.50
product_template_56;Hats;9 B;-;Swiss Mountain;5.00
product_template_57;Hats;10 B;-;Switzerland;6.00
product_template_58;Hats;11 B;-;Pink - Swiss flag with pom pom;5.00
product_template_59;Hats;12 B;-;White - Swiss flag with pom pom;5.00
product_template_60;Hats;13 B;-;Switzerland blue;5.00
product_template_61;Hats;14 B;-;Switzerland green;5.00
product_template_62;Hats;15 B;-;Switzerland light blue;5.00
product_template_63;Hats;16 B;-;Switzerland bear;5.00
product_template_64;Hats;17 B;-;Switzerland;5.00
product_template_65;Hats;18 B;-;Black - Swiss Mountain;3.00
product_template_66;Hats;19 B;-;Red - Swiss Mountain;3.00
product_template_67;Hats;20 B;-;Navy blue - Swiss Mountain;3.00
product_template_68;Hats;21 B;-;Pink - Swiss Mountain;3.00
product_template_69;Lighters;418;-;Lighter Switzerland 01;0.60
product_template_70;Lighters;419;-;Lighter Switzerland 02;0.60
product_template_71;Lighters;420;-;Briquet gold (briquet);3.50
product_template_72;Lighters;421;-;Briquet gold Display;
product_template_73;Lighters;422;-;Briquet gold Exportcartoon;
product_template_74;Lighters;423;-;Lighter Switzerland 03;0.60
product_template_75;Lighters;424;-;Lighter Switzerland 04;0.60
product_template_76;Lighters;425;-;Lighter Bern;0.60
product_template_77;Lighters;426;-;Lighter Lausanne;0.60
product_template_78;Lighters;427;-;Lighter Rheinfall;0.60
product_template_79;Lighters;428;-;Lighter Interlaken;0.60
product_template_80;Lighters;429;-;Lighter Zürich;0.60
product_template_81;Lighters;430;-;Lighter Genève;0.60
product_template_82;Lighters;431;-;Lighter jet flame Rheinfall;2.40
product_template_83;Lighters;432;-;Lighter jet flame Lausanne;2.40
product_template_84;Lighters;433;-;Lighter jet flame Zürich;2.40
product_template_85;Lighters;434;-;Lighter jet flame Interlaken;2.40
product_template_86;Lighters;435;-;Lighter jet flame Genève;2.40
product_template_87;Lighters;436;-;Lighter jet flame Bern;2.40
product_template_88;Lighters;437;-;Lighter jet flame CH 01;2.40
product_template_89;Lighters;438;-;Lighter jet flame CH 02;2.40
product_template_90;Lighters;439;-;Lighter jet flame CH03;2.40
product_template_91;Lighters;440;-;Lighter jet flame CH04;2.40
product_template_92;Caps;1 C;-;Casquette rouge avec croix Suisse;3.80
product_template_93;Caps;2 C;-;Casquette grise. Switzerland;3.80
product_template_94;Caps;3 C;-;Switzerland Original red/white;3.80
product_template_95;Caps;4 C;-;Swiss Mountains burgundy;3.80
product_template_96;Caps;5 C;-;Switzerland est 1291 beige;3.80
product_template_97;Caps;6 C;-;Swiss flag round beige;3.80
product_template_98;Caps;7 C;-;Swiss flag round red;3.80
product_template_99;Caps;8 C;-;Swiss flag round black;3.80
product_template_100;Caps;9 C;-;Swiss flag round marine;3.80
product_template_101;Caps;10 C;-;Switzerland Military Swiss flag;4.50
product_template_102;Caps;11 C;-;Confederatio Helvetica beige;3.80
product_template_103;Caps;12 C;-;Confederatio Helvetica shield red;3.80
product_template_104;Caps;                    ;-;Confederatio Helvetica black;3.80
product_template_105;Caps;14 C;-;Confederatio Helvetica marine;3.80
product_template_106;Caps;15 C;-;Valais coat of arm red;3.80
product_template_107;Caps;16 C;-;Valais coat of arm black;3.80
product_template_108;Caps;17 C;-;Matterhorn Switzerland beige;3.80
product_template_109;Caps;18 C;-;Matterhorn Switzerland red;3.80
product_template_110;Caps;19 C;-;Matterhorn Switzerland black;3.80
product_template_111;Caps;20 C;-;Matterhorn Switzerland marine;3.80
product_template_112;Caps;21 C;-;Switzerland brush script marine;3.80
product_template_113;Caps;22 C;-;Switzerland brush script red;3.80
product_template_114;Caps;23 C;-;Switzerland brush script black;3.80
product_template_115;Caps;25 C;-;Switzerland brush script beige;3.80
product_template_116;Caps;27 C;-;Bicolor Black and Red;3.80
product_template_117;Caps;28 C;-;Bicolor Blue and Red;3.80
product_template_118;Caps;39 C;-;Swiss Mountain since 1291 white;3.80
product_template_119;Caps;40 C;-;Swiss Mountain since 1291 black;3.80
product_template_120;Caps;41 C;-;Swiss Mountain since 1291 marine;3.80
product_template_121;Caps;42 C;-;Swiss Mountain since 1291 red;3.80
product_template_122;Caps;43 C;-;Swiss Mountain since 1291 beige;3.80
product_template_123;Caps;44 C;-;Moutain Switzerland 1291 red;3.80
product_template_124;Caps;45 C;-;Moutain Switzerland 1291 black;3.80
product_template_125;Caps;46 C;-;Moutain Switzerland 1291 marine;3.80
product_template_126;Caps;47 C;-;Switzerland star 1291 beige;3.80
product_template_127;Caps;48 C;-;Switzerland star 1291 red;3.80
product_template_128;Caps;49 C;-;Switzerland star 1291 black;3.80
product_template_129;Caps;51 C;-;Kids - White cross on red;3.50
product_template_130;Caps;52 C;-;Kids - Matterhorn Switzerland;3.50
product_template_131;Caps;60 C;-;Swiss script light blue;3.80
product_template_132;Caps;61 C;-;Swiss script pink;3.80
product_template_133;Caps;62 C;-;Dense flowers;3.80
product_template_134;Caps;63 C;-;Flowers;3.80
product_template_135;Caps;64 C;-;Country of Alps jeans;3.80
product_template_136;Caps;65 C;-;Country of Alps Chocolate;3.80
product_template_137;Caps;66 C;-;Country of Alps Grey;3.80
product_template_138;Caps;70 C;-;Script flag Genève;3.80
product_template_139;Caps;71 C;-;Script flag Gruyères;3.80
product_template_140;Caps;72 C;-;Script flag Lausanne;3.80
product_template_141;Caps;73 C;-;Script flag Montreux;3.80
product_template_142;Caps;74 C;-;Script flag Zermatt;3.80
product_template_143;Caps;75 C;-;Script flag Rheinfall;3.80
product_template_144;Caps;76 C;-;Script flag Bern;3.80
product_template_145;Caps;77 C;-;Script flag Crans-Montana;3.80
product_template_146;Caps;78 C;-;Script flag Interlaken;3.80
product_template_147;Caps;79 C;-;Script flag Luzern;3.80
product_template_148;Caps;80 C;-;Script flag Zürich;3.80
product_template_149;Caps;81 C;-;Switzerland black/purple;3.80
product_template_150;Caps;82 C;-;Switzerland beige/red;3.80
product_template_151;Caps;83 C;-;Script flag salmon/denim;3.80
product_template_152;Caps;84 C;-;Switzerland white;3.80
product_template_153;Caps;85 C;-;Switzerland white;3.80
product_template_154;Caps;86 C;-;Trucker - Switzerland black;3.50
product_template_155;Caps;87 C;-;Trucker - Patch Switzerland black/beige;3.50
product_template_156;Caps;88 C;-;Trucker - Switzerland blacky/beige;3.50
product_template_157;Bells;46;-;Ringing bell;2.00
product_template_158;Bells;47;-;Traditionnal ringing bell;2.00
product_template_159;Bells;74;-;Edelweiss. cow and bell;1.90
product_template_160;Bells;106;-;Bella cow;1.90
product_template_161;Bells;130;-;Lausanne Bell red cow label;1.90
product_template_162;Bells;131;-;Bern Bell red cow label;1.90
product_template_163;Bells;132;-;Zermatt Bell red cow label;1.90
product_template_164;Bells;133;-;Gruyères Bell red cow label;1.90
product_template_165;Bells;134;-;Lucerne Bell red cow label;1.90
product_template_166;Bells;135;-;Montreux Bell red cow label;1.90
product_template_167;Bells;136;-;Morgins Bell red cow label;1.90
product_template_168;Bells;137;-;Genève Bell red cow label;1.90
product_template_169;Bells;148;-;Bell strap red;2.00
product_template_170;Bells;149;-;Bell strap black;2.00
product_template_171;Bells;152;-;Bell 15 cm poya;3.50
product_template_172;Bells;153;-;Bell 15 cm Flower bouquet;3.50
product_template_173;Bells;154;-;Bell 15 cm cow;3.50
product_template_174;Bells;160;-;Bell letter A;2.00
product_template_175;Bells;161;-;Bell letter B;2.00
product_template_176;Bells;162;-;Bell letter C;2.00
product_template_177;Bells;163;-;Bell letter D;2.00
product_template_178;Bells;164;-;Bell letter E;2.00
product_template_179;Bells;165;-;Bell letter F;2.00
product_template_180;Bells;166;-;Bell letter G;2.00
product_template_181;Bells;167;-;Bell letter H;2.00
product_template_182;Bells;168;-;Bell letter I;2.00
product_template_183;Bells;169;-;Bell letter J;2.00
product_template_184;Bells;170;-;Bell letter K;2.00
product_template_185;Bells;171;-;Bell letter L;2.00
product_template_186;Bells;172;-;Bell letter M;2.00
product_template_187;Bells;173;-;Bell letter N;2.00
product_template_188;Bells;174;-;Bell letter O;2.00
product_template_189;Bells;175;-;Bell letter P;2.00
product_template_190;Bells;176;-;Bell letter Q;2.00
product_template_191;Bells;177;-;Bell letter R;2.00
product_template_192;Bells;178;-;Bell letter S;2.00
product_template_193;Bells;179;-;Bell letter T;2.00
product_template_194;Bells;180;-;Bell letter U;2.00
product_template_195;Bells;181;-;Bell letter V;2.00
product_template_196;Bells;182;-;Bell letter W;2.00
product_template_197;Bells;183;-;Bell letter X;2.00
product_template_198;Bells;184;-;Bell letter Y;2.00
product_template_199;Bells;185;-;Bell letter Z;2.00
product_template_200;Bells;295;-;SWISS Bell keychain Gold;2.00
product_template_201;Bells;330;-;Bell 18 cm Poya;4.80
product_template_202;Bells;331;-;Bell 14.5 cm poya;4.00
product_template_203;Bells;332;-;Bell 18 cm Flower bouquet;4.80
product_template_204;Bells;333;-;Bell 14.5 cm Flower bouquet;4.00
product_template_205;Bells;334;-;Bell 18 cm cow;4.80
product_template_206;Bells;335;-;Bell 14.5 cm cow;4.00
product_template_207;Gadget;1;-;snowball cow;3.00
product_template_208;Gadget;2;-;snowball cathedral Lausanne;3.00
product_template_209;Gadget;3;-;snowball Zermatt;3.00
product_template_210;Gadget;4;-;snowball Water jet Genève;3.00
product_template_211;Gadget;5;-;snowball marmot;3.00
product_template_212;Gadget;6;-;snowball alphorn;3.00
product_template_213;Gadget;7;-;snowball Saint-Bernard;3.00
product_template_214;Gadget;8;-;Poya mug;2.00
product_template_215;Gadget;9;-;Switzerland cow mug;2.00
product_template_216;Gadget;10;-;switzerland mug;2.00
product_template_217;Gadget;11;-;Table bell cow;3.00
product_template_218;Gadget;11;-;Switzerland karabiner mug;3.00
product_template_219;Gadget;13;-;i love swiss mug;2.00
product_template_220;Gadget;14;-;Switzerland flag relief mug;4.00
product_template_221;Gadget;15;-;sbot glass swiss flag;1.20
product_template_222;Gadget;16;-;red shot glass swiss;1.20
product_template_223;Gadget;17;-;shot glass swiss flag round;1.20
product_template_224;Gadget;18;-;shot glass swiss flag straight;1.20
product_template_225;Gadget;19;-;shot glass straight;1.20
product_template_226;Gadget;20;-;shot glass round;1.20
product_template_227;Gadget;30;-;Swiss ashtray;2.00
product_template_228;Gadget;31;-;Cow mug;3.00
product_template_229;Gadget;37;-;Cow ashtray;3.00
product_template_230;Gadget;38;-;cow ashtray;3.00
product_template_231;Gadget;39;-;cow porcelaine;4.00
product_template_232;Gadget;40;-;kitchen set;5.00
product_template_233;Gadget;45;-;Cow jar;3.00
product_template_234;Gadget;46;-;i love switzerland sunglasses;5.00
product_template_235;Gadget;47;-;i love valais sunglasses;5.00
product_template_236;Gadget;49;-;Thermos flask swiss flask;6.00
product_template_237;Gadget;50;-;thermos flask swiss flag;7.00
product_template_238;Gadget;51;-;Switzerland bottle;3.00
product_template_239;Gadget;52;-;Switzerland bottle;8.00
product_template_240;Gadget;52;-;swiss reusable steel water bootle;4.00
product_template_241;Gadget;53;-;Swiss leather hip flask;4.00
product_template_242;Gadget;56;-;poya salt and pepper;3.00
product_template_243;Gadget;57;-;Swiss piggy bank;4.00
product_template_244;Gadget;58;-;cow piggy bank;4.00
product_template_245;Gadget;59;-;cow salt and pepper;3.00
product_template_246;Gadget;61;-;i love swiss pins;0.80
product_template_247;Gadget;62;-;swiss flag pins;0.80
product_template_248;Gadget;63;-;Switzerland shield;1.50
product_template_249;Gadget;64;-;Lausanne coat of arm bronze;1.50
product_template_250;Gadget;65;-;Lausanne cathedral edelweiss;1.50
product_template_251;Gadget;66;-;vaud coat of arm;1.50
product_template_252;Gadget;67;-;edelweiss swiss flag;1.50
product_template_253;Gadget;68;-;Lausanne coat of arm lions;1.50
product_template_254;Gadget;68;-;Table bell I love Zermatt;3.00
product_template_255;Gadget;70;-;lausanne catehdral round;1.50
product_template_256;Gadget;71;-;swiss shaped patch white cross;1.50
product_template_257;Gadget;73;-;Gruyères coat of arm;1.50
product_template_258;Gadget;74;-;swiss coat of arm;1.50
product_template_259;Gadget;75;-;Bern coat of arm;1.50
product_template_260;Gadget;76;-;Genève coat of arm;1.50
product_template_261;Gadget;77;-;Valais coat of arm;1.50
product_template_262;Gadget;78;-;Swiss and States coat of arm;1.50
product_template_263;Gadget;75;-;Table bell I love Genève MM;3.00
product_template_264;Gadget;76;-;Table bell Vaud MM;3.00
product_template_265;Gadget;77;-;Table bell Gruyères MM;3.00
product_template_266;Gadget;79;-;poya glove oven;3.00
product_template_267;Gadget;80;-;poya cloth oven black;2.50
product_template_268;Gadget;81;-;Swiss poya  apron black or red;5.00
product_template_269;Gadget;82;-;poya apron white;3.00
product_template_270;Gadget;83;-;poya cloth oven black;3.00
product_template_271;Gadget;84;-;i love switzerland salt and pepper ;3.00
product_template_272;Gadget;85;-;St-bernard salt and pepper;3.00
product_template_273;Gadget;86;-;cow salt and pepper;3.00
product_template_274;Gadget;91;-;Swiss ski school;1.00
product_template_275;Gadget;92;-;Swiss coat of arm;1.50
product_template_276;Gadget;93;-;Swiss army shaped;1.50
product_template_277;Gadget;94;-;double sided scarf;3.00
product_template_278;Gadget;95;-;100x100cm swiss flag;4.00
product_template_279;Gadget;96;-;150x150cm swiss flag;5.00
product_template_280;Gadget;97;-;40x40cm swiss flag stick;1.50
product_template_281;Gadget;98;-;25x25cm swiss flag stick;1.00
product_template_282;Gadget;99;-;60x60cm swiss flag stick;2.00
product_template_283;Gadget;100;-;Valais flag;5.00
product_template_284;Gadget;101;-;Swiss tie;
product_template_285;Gadget;106;-;Table bell Switzerland;3.00
product_template_286;Gadget;107;-;Table bell Genève;3.00
product_template_287;Gadget;108;-;Table bell Bern;3.00
product_template_288;Gadget;108;-;hot water bottle with knitted cover;
product_template_289;Gadget;109;-;Table bell Valais;3.00
product_template_290;Gadget;109;-;hot water bottle with knitted cover;
product_template_291;Gadget;110;-;Table bell Marathon;3.00
product_template_292;Gadget;115;-;snowball zytglogge;3.00
product_template_293;Gadget;117;-;snowball lion lucerne;3.00
product_template_294;Gadget;119;-;snowball grossmunster Zürich;3.00
product_template_295;Gadget;120;-;snowball Chillon Montreux;3.00
product_template_296;Gadget;121;-;snowball zytglogge bern;3.00
product_template_297;Gadget;123;-;Snowball Rheinfall;3.00
product_template_298;Gadget;125;-;winter gloves;5.00
product_template_299;Gadget;132;-;Swiss tray;4.00
product_template_300;Gadget;137;-;Switzerland flag hip flask;4.00
product_template_301;Gadget;137;-;Swiss rectangular flag;2.00
product_template_302;Gadget;138;-;Zermatt Matterhorn crown;2.00
product_template_303;Gadget;139;-;Swiss square flag;2.00
product_template_304;Gadget;140;-;40x70cm cloth orange;3.30
product_template_305;Gadget;141;-;40x70cm cloth green;3.30
product_template_306;Gadget;142;-;40x70cm cloth sky;3.30
product_template_307;Gadget;143;-;40x70cm cloth purple;3.30
product_template_308;Gadget;144;-;40x70cm cloth brown;3.30
product_template_309;Gadget;145;-;40x70cm cloth blue;3.30
product_template_310;Gadget;146;-;40x70cm cloth poya;3.30
product_template_311;Gadget;147;-;Shell makeup bag 19.5x12 cm;3.00
product_template_312;Gadget;148;-;Nail clipper bag 8x11 cm;3.00
product_template_313;Gadget;149;-;Card bag 11x8.5 cm;3.00
product_template_314;Gadget;150;-;7cm round mirror;2.00
product_template_315;Gadget;151;-;8x6cm rectangular mirror;2.00
product_template_316;Gadget;152;-;5x4cm jewellery box;2.00
product_template_317;Gadget;153;-;10x8cm cigaret case;3.00
product_template_318;Gadget;153;-;11x6cm manucure set;3.00
product_template_319;Gadget;154;-;Square-packet;3.00
product_template_320;Gadget;156;-;11x8cm pencil bag zip ring;2.00
product_template_321;Gadget;161;-;10x6cm pencil bag zip ring button;3.00
product_template_322;Gadget;165;-;5x8 purse ring;3.00
product_template_323;Gadget;166;-;25x18 Tissue pocket;4.00
product_template_324;Gadget;167;-;lipstick;2.00
product_template_325;Gadget;167;-;Swiss pattern apron MM;6.00
product_template_326;Gadget;168;-;45x45 cm pillow cover;5.00
product_template_327;Gadget;169;-;45x30 cm table mat;4.00
product_template_328;Gadget;170;-;38x48 nylon bag;4.00
product_template_329;Gadget;171;-;40x70cm cloth cream;3.30
product_template_330;Gadget;172;-;40x70cm cloth red;3.30
product_template_331;Gadget;173;-;poya bag with envelope;2.50
product_template_332;Gadget;174;-;38x48 cm cotton bag;6.00
product_template_333;Gadget;175;-;Pins Bern;0.80
product_template_334;Gadget;176;-;Pins Genève;0.80
product_template_335;Gadget;177;-;Pins Valais;0.80
product_template_336;Gadget;178;-;jeux de cartes;1.70
product_template_337;Gadget;179;-;mini box Switzerland;2.00
product_template_338;Gadget;180;-;Mirror edelweisse box;2.00
product_template_339;Gadget;181;-;Pins Grisons;0.80
product_template_340;Gadget;182;-;Pins Zürich;0.80
product_template_341;Gadget;183;-;40x70cm cloth white. blue. green GE;3.30
product_template_342;Gadget;184;-;40x70cm cloth white. red LS;3.30
product_template_343;Gadget;185;-;mini duck yellow / red;
product_template_344;Gadget;186;-;Large duck yellow / red;
product_template_345;Gadget;187;-;Bath linen Switzerland;5.00
product_template_346;Gadget;188;-;Nylon bag dog with envelope;2.50
product_template_347;Gadget;189;-;Nylon bag cow with envelope;2.50
product_template_348;Gadget;190;-;Round Magnets with Glitter;3.00
product_template_349;Gadget;200;-;red umbrella;
product_template_350;Gadget;201;-;navy blue umbrella;
product_template_351;Gadget;202;-;poya grey umbrella;6.00
product_template_352;Gadget;203;-;black switzerland umbrella;4.00
product_template_353;Gadget;204;-;poya red umbrella;6.00
product_template_354;Gadget;205;-;swiss pattern umbrella;6.00
product_template_355;Gadget;206;-;switzerland umbrella;4.00
product_template_356;Gadget;208;-;swiss adult socks;
product_template_357;Gadget;209;-;swiss kids socks;
product_template_358;Gadget;210;-;swiss baby socks;
product_template_359;Gadget;211;-;swiss sport scarf;
product_template_360;Gadget;212;-;zermatt sport scarf;4.00
product_template_361;Gadget;213;-;poya sport scarf;4.00
product_template_362;Gadget;214;-;edelweiss sport scarf;4.00
product_template_363;Gadget;215;-;swiss pattern sport scarf;4.00
product_template_364;Gadget;216;-;Crans-Montana sport scarf;4.00
product_template_365;Gadget;217;-;Switzerland flag fan;3.00
product_template_366;Gadget;218;-;Switzerland red fan;3.00
product_template_367;Gadget;219;-;swiss red poncho;
product_template_368;Gadget;220;-;transparent poncho;
product_template_369;Gadget;221;-;Swiss passport note book;4.00
product_template_370;Gadget;222;-;Big swiss lighter;
product_template_371;Gadget;223;-;Small swiss lighter;
product_template_372;Gadget;224;-;Wooden tray;1.00
product_template_373;Gadget;225;-;Swiss mini puzzle;
product_template_374;Gadget;226;-;box set 4 poya mug;6.00
product_template_375;Gadget;227;-;Box set 4 i love swiss mug;6.00
product_template_376;Gadget;228;-;Customized on demand Tumbler;4.00
product_template_377;Gadget;229;-;Lausanne cathedral Tumbler;4.00
product_template_378;Gadget;230;-;Geneve water jet Tumbler;4.00
product_template_379;Gadget;231;-;Bern Zytglogge;4.00
product_template_380;Gadget;232;-;Zermatt Tumbler;4.00
product_template_381;Gadget;233;-;Gruyères Tumbler;4.00
product_template_382;Gadget;234;-;Swiss mug;2.00
product_template_383;Gadget;240;-;30x15cm Metallic plate vélo;2.40
product_template_384;Gadget;241;-;30x15cm Metallic plate Gruyères;2.40
product_template_385;Gadget;242;-;30x15cm Metallic plate Rheinfall;2.40
product_template_386;Gadget;243;-;edelweiss suspenser;6.00
product_template_387;Gadget;244;-;30x15cm Metallic plate Monteux;2.40
product_template_388;Gadget;245;-;30x15cm Metallic plate genève;2.40
product_template_389;Gadget;246;-;30x15cm Metallic plate 1291;2.40
product_template_390;Gadget;247;-;30x15cm Metallic plate Lausanne;2.40
product_template_391;Gadget;248;-;30x15cm Metallic plate Crans-Montana;2.40
product_template_392;Gadget;249;-;30x15cm Metallic plate Bern;2.40
product_template_393;Gadget;250;-;swiss suspenser ;6.00
product_template_394;Gadget;251;-;edelweiss suspenser;6.00
product_template_395;Gadget;252;-;reader glasses;
product_template_396;Gadget;253;-;30x15cm Metallic plate VD;2.40
product_template_397;Gadget;254;-;30x15cm Metallic plate GE;2.40
product_template_398;Gadget;255;-;30x15 cm Metallic plate BL;2.40
product_template_399;Gadget;256;-;30x15cm Metallic plate BE;2.40
product_template_400;Gadget;257;-;30x15cm Metallic plate ZH;2.40
product_template_401;Gadget;258;-;30x15cm Metallic plate VS;2.40
product_template_402;Gadget;259;-;30x15cm Metallic plate red;2.40
product_template_403;Gadget;260;-;30x15cm Metallic plate frame;2.40
product_template_404;Gadget;261;-;30x15cm Metallic plate summit;2.40
product_template_405;Gadget;262;-;40x10cm pedestrian matallic plate MM;2.40
product_template_406;Gadget;263;-;30x15cm Metallic poya plate;2.40
product_template_407;Gadget;264;-;Coasters set region german 6pces;2.40
product_template_408;Gadget;265;-;Coaster set region frech 6 pces;2.40
product_template_409;Gadget;266;-;30x15cm Metallic plate Switzerland;2.40
product_template_410;Gadget;267;-;30x15cm Metallic plate Interlaken;2.40
product_template_411;Gadget;268;-;30x15cm Metallic plate Zürich;2.40
product_template_412;Gadget;269;-;30x15cm Metallic plate Zermatt;2.40
product_template_413;Gadget;270;-;card box poya;2.00
product_template_414;Gadget;271;-;Tools set axe;
product_template_415;Gadget;272;-;Tools set hammer;
product_template_416;Gadget;274;-;poya glove red;3.00
product_template_417;Gadget;275;-;poya cloth oven red;2.50
product_template_418;Gadget;276;-;Moo box poya;2.00
product_template_419;Gadget;277;-;Yoyo;
product_template_420;Gadget;280;-;Wallet swiss socks;
product_template_421;Gadget;289;-;Personnailzed sleepers;
product_template_422;Gadget;296;-;cendriller poya;3.00
product_template_423;Gadget;297;-;cendriller cities;3.00
product_template_424;Gadget;300;-;I am champion bib;1.00
product_template_425;Gadget;301;-;I am so nice bears bib;1.00
product_template_426;Gadget;317;-;Shell makeup bag poya 13.5x11 cm;3.00
product_template_427;Gadget;318;-;Card bag 13.5x9 cm;3.00
product_template_428;Gadget;322;-;Poya Square coin purse 11.5x8 cm;2.00
product_template_429;Gadget;323;-;Poya Shell makeup mag 12.5x8.5 cm;3.00
product_template_430;Gadget;324;-;Poya purse 4.5x8 cm;3.00
product_template_431;Gadget;325;-;Poya round mirror 7 cm;2.00
product_template_432;Gadget;326;-;Poya rectangular mirror 8x6 cm;2.00
product_template_433;Gadget;327;-;cow mug;2.00
product_template_434;Gadget;382;-;swiss mirror 7cm;2.00
product_template_435;Gadget;384;-;swiss mirror 8x6cm;2.00
product_template_436;Gadget;387;-;Switzerland service tray;1.00
product_template_437;Gadget;388;-;Poya service tray;1.00
product_template_438;Gadget;390;-;Round cloth flag;7.00
product_template_439;Gadget;391;-;Round cloth dog;7.00
product_template_440;Gadget;392;-;Round cloth cabins;7.00
product_template_441;Gadget;393;-;Round cloth matterhorn;7.00
product_template_442;Gadget;394;-;Round cloth flower;7.00
product_template_443;Gadget;395;-;Round cloth train;7.00
product_template_444;Gadget;396;-;Round cloth fondue;7.00
product_template_445;Gadget;397;-;Round cloth horn;7.00
product_template_446;Gadget;398;-;Round cloth soya;7.00
product_template_447;Gadget;400;-;Pin's Einstein 1;0.80
product_template_448;Gadget;400;-;Pin's Einstein 2;0.80
product_template_449;Gadget;401;-;Mug Einstein ;0.80
product_template_450;Gadget;402;-;Bobblehead Einstein;0.80
product_template_451;magnet;1;-;Genève water jet relief (horloge);1.70
product_template_452;magnet;2;-;Genève water jet relief;1.70
product_template_453;magnet;3;-;Genève boat relief;1.70
product_template_454;magnet;4;-;Lake boat relief;1.70
product_template_455;magnet;5;-;Saas Fee city snow relief;1.70
product_template_456;magnet;6;-;Lausanne City relief;1.70
product_template_457;magnet;7;-;Metallic bottle opener;
product_template_458;magnet;8;-;Metallic bottle opener;
product_template_459;magnet;9;-;Matterhorn Valais;1.70
product_template_460;magnet;10;-;Matterhorn;1.70
product_template_461;magnet;11;-;Matterhorn Switzerland;1.70
product_template_462;magnet;12;-;Zermatt Matterhorn;1.70
product_template_463;magnet;13;-;Cartoon cow;2.00
product_template_464;magnet;14;-;Big bell;3.00
product_template_465;magnet;15;-;Luzern Kapellbrücke;1.70
product_template_466;magnet;16;-;Luzern Kapellbrücke;1.70
product_template_467;magnet;17;-;Fidget Spinner cows;2.60
product_template_468;magnet;18;-;Lausanne-Ouchy harbour;1.70
product_template_469;magnet;19;-;Montreux Castle boat;1.70
product_template_470;magnet;20;-;Montreux Chillon castle;1.70
product_template_471;magnet;21;-;Vevey city;
product_template_472;magnet;22;-;Montreux Chillon castle boat;1.70
product_template_473;magnet;25;-;Gruyères Switzerland round;1.70
product_template_474;magnet;26;-;Gruyères Street;1.70
product_template_475;magnet;27;-;Grimentz town Valais;1.70
product_template_476;magnet;28;-;Grimentz town flowers;1.70
product_template_477;magnet;29;-;Rheinfall boat;1.70
product_template_478;magnet;30;-;Crans-Montana landscape;1.70
product_template_479;magnet;32;-;Crans-Montana under snow;1.70
product_template_480;magnet;33;-;Davos cable car cabin;1.70
product_template_481;magnet;34;-;Davos skiing;1.70
product_template_482;magnet;35;-;St-Moritz cable car cabin;1.70
product_template_483;magnet;36;-;St-Moritz skiing;1.70
product_template_484;magnet;37;-;Morgins relief;1.70
product_template_485;magnet;38;-;Cabin and cable car relief;1.70
product_template_486;magnet;39;-;Cabin and cable car relief;1.70
product_template_487;magnet;40;-;Dookie long legs black;1.70
product_template_488;magnet;42;-;St-Bernard and puppies;1.70
product_template_489;magnet;45;-;St-Bernard snowball 1;2.00
product_template_490;magnet;46;-;St-Bernard snowball 2;2.00
product_template_491;magnet;47;-;St-Bernard snowball 3;2.00
product_template_492;magnet;48;-;Marmot on green grass;1.70
product_template_493;magnet;49;-;cuckoo clock;4.00
product_template_494;magnet;51;-;bottle-opener Dookie;2.00
product_template_495;magnet;52;-;bottle-opener St-Bernard;2.00
product_template_496;magnet;53;-;Swiss Chocolate Red;1.70
product_template_497;magnet;54;-;Swiss Chocolate Purple;1.70
product_template_498;magnet;55;-;Switzerland Raclette;1.70
product_template_499;magnet;56;-;Swiss Fondue Caquelon;1.70
product_template_500;magnet;57;-;Dookie eating fondue;1.70
product_template_501;magnet;58;-;Switzerland Lugano;1.70
product_template_502;magnet;59;-;Dookie head with flower;1.70
product_template_503;magnet;60;-;bottle-opener dookie flower;2.00
product_template_504;magnet;61;-;bottle-opener pint;2.00
product_template_505;magnet;62;-;Gold lingot;1.70
product_template_506;magnet;63;-;Toblerone;1.70
product_template_507;magnet;64;-;Poya Switzerland;1.70
product_template_508;magnet;65;-;Swiss walking shoe;2.00
product_template_509;magnet;66;-;Moon Boot Switzerland;1.70
product_template_510;magnet;67;-;Red Cow;1.70
product_template_511;magnet;68;-;Rippling swiss flag;1.70
product_template_512;magnet;69;-;Bell Switzerland;1.70
product_template_513;magnet;71;-;cuckoo thermometer;1.70
product_template_514;magnet;72;-;cuckoo thermometer;1.70
product_template_515;magnet;73;-;cuckoo;1.70
product_template_516;magnet;74;-;cuckoo thermometer;1.70
product_template_517;magnet;75;-;cuckoo;1.70
product_template_518;magnet;76;-;cuckoo;1.70
product_template_519;magnet;77;-;cuckoo;1.70
product_template_520;magnet;78;-;Jungfraujoch cuckoo;1.70
product_template_521;magnet;79;-;cuckoo;1.70
product_template_522;magnet;80;-;cuckoo thermometer;1.70
product_template_523;magnet;81;-;Genève cuckoo;1.70
product_template_524;magnet;82;-;Gruyères cuckoo;1.70
product_template_525;magnet;83;-;Jungfraujoch;1.70
product_template_526;magnet;84;-;Jungfraujoch;1.70
product_template_527;magnet;85;-;Lausanne;1.70
product_template_528;magnet;86;-;Lausanne harbour;1.70
product_template_529;magnet;87;-;Luzern Kapellbrücke;1.70
product_template_530;magnet;88;-;Rheinfall;1.70
product_template_531;magnet;89;-;Schilthorn;1.70
product_template_532;magnet;90;-;cuckoo;1.70
product_template_533;magnet;91;-;Zürich Switzerland Limmat;1.70
product_template_534;magnet;92;-;Piz Gloria Schilthorn;1.70
product_template_535;magnet;93;-;cuckoo thermometer;1.70
product_template_536;magnet;94;-;cuckoo / Swiss Vapeur Parc MM;1.70
product_template_537;magnet;95;-;cuckoo;1.70
product_template_538;magnet;96;-;Chillon castle cuckoo;1.70
product_template_539;magnet;97;-;Bern Switzerland cuckoo bear;1.70
product_template_540;magnet;98;-;Bern Switzerland Zytglogge;1.70
product_template_541;magnet;99;-;Morcote City;1.70
product_template_542;magnet;100;-;Simplon Pass eagle statue;1.70
product_template_543;magnet;101;-;Cathedral Lausanne;1.70
product_template_544;magnet;102;-;St-Bernard and puppies;1.70
product_template_545;magnet;103;-;Les Pacots ski club;1.70
product_template_546;magnet;104;-;Jungfraujoch relief;1.70
product_template_547;magnet;105;-;Verbier snow Switzerland;1.70
product_template_548;magnet;106;-;City view;1.70
product_template_549;magnet;107;-;Bundeshaus;1.70
product_template_550;magnet;108;-;Zytglogge;1.70
product_template_551;magnet;109;-;Zytglogge;1.70
product_template_552;magnet;110;-;Zytglogge;1.70
product_template_553;magnet;111;-;Bear and cub tree;1.70
product_template_554;magnet;112;-;Bern bear MM;1.70
product_template_555;magnet;113;-;Zytglogge relief MM;1.70
product_template_556;magnet;114;-;Bern badge MM;1.70
product_template_557;magnet;115;-;St-Moritz;1.70
product_template_558;magnet;116;-;Bottle-opener;2.00
product_template_559;magnet;116;-;Bear figurine FIG;3.00
product_template_560;magnet;117;-;Water jet Genève;1.70
product_template_561;magnet;117;-;Bear figurine FIG;3.00
product_template_562;magnet;118;-;City Cathedral relief MM;1.70
product_template_563;magnet;119;-;Chillon castle MM;1.70
product_template_564;magnet;120;-;Swiss badge MM;1.70
product_template_565;magnet;121;-;Valais badge MM;1.70
product_template_566;magnet;122;-;Flag. cow. edelweis. bell MM;2.00
product_template_567;magnet;123;-;Matterhorn red letters;1.70
product_template_568;magnet;124;-;I love Luzern MM;1.70
product_template_569;magnet;125;-;I love Zermatt MM;1.70
product_template_570;magnet;126;-;I love Genève water jet MM;1.70
product_template_571;magnet;127;-;Cuckoo;1.70
product_template_572;magnet;128;-;bottle-opener I love Swiss MM;2.00
product_template_573;magnet;129;-;bottle-opener golden cow MM;2.00
product_template_574;magnet;131;-;Switzerland cuckoo clock | bottle-opener swiss token MM;2.00
product_template_575;magnet;132;-;Locarno panorama lake;1.70
product_template_576;magnet;134;-;Bottle-opener relief MM;2.00
product_template_577;magnet;135;-;Zermatt town Matterhorn;1.70
product_template_578;magnet;137;-;Zermatt city;1.70
product_template_579;magnet;138;-;Genève badge;1.70
product_template_580;magnet;139;-;panorama;1.70
product_template_581;magnet;140;-;Matterhorn 4470 m;1.70
product_template_582;magnet;141;-;Zermatt Matterhorn;1.70
product_template_583;magnet;142;-;St-Bernard with barrel;1.70
product_template_584;magnet;143;-;Gruyères street Moleson;1.70
product_template_585;magnet;144;-;Rheinfall Switzerland;1.70
product_template_586;magnet;145;-;Dookie Crans-Montana;1.70
product_template_587;magnet;146;-;Dookie skiing;1.70
product_template_588;magnet;147;-;Dookie St-Moritz sign;1.70
product_template_589;magnet;148;-;Davos Dookie sign;1.70
product_template_590;magnet;149;-;Dookie Gruyères sign;1.70
product_template_591;magnet;150;-;St-Bernard thermometer;2.00
product_template_592;magnet;152;-;Red bell white cross MM;1.70
product_template_593;magnet;153;-;Leman Lake grapes Lavaux;1.70
product_template_594;magnet;155;-;Interlaken bilboard Dookie;1.70
product_template_595;magnet;156;-;Grand St-Bernard cuckoo;1.70
product_template_596;magnet;157;-;Genève cuckoo;1.70
product_template_597;magnet;158;-;Zermatt cuckoo;1.70
product_template_598;magnet;159;-;double-sided MM;
product_template_599;magnet;161;-;Dookie Bern BE | Dookie GE Dookie Jungfraujoch IN L LU MO RHE ZE ZH;1.70
product_template_600;magnet;162;-;Bear Zytglogge;1.70
product_template_601;magnet;163;-;Matterhorn train;1.70
product_template_602;magnet;164;-;Grand St-Bernard;1.70
product_template_603;magnet;165;-;Zürich cuckoo;1.70
product_template_604;magnet;166;-;St-Bernard;1.70
product_template_605;magnet;167;-;Lanterbrunnen;1.70
product_template_606;magnet;168;-;Metallic Postal bus;1.00
product_template_607;magnet;169;-;Metallic Zermatt;1.00
product_template_608;magnet;170;-;Metallic train;1.00
product_template_609;magnet;171;-;Andermatt train;1.70
product_template_610;magnet;172;-;Grossmunster Zürich MM;1.70
product_template_611;magnet;173;-;Metallic Zürich;1.00
product_template_612;magnet;174;-;Metallic Interlaken;1.00
product_template_613;magnet;175;-;Matterhorn cabin landscape MM;2.00
product_template_614;magnet;176;-;Andermatt ski;1.70
product_template_615;magnet;177;-;;
product_template_616;magnet;178;-;Lucerne Kapellbrücke MM;1.70
product_template_617;magnet;179;-;Nyon castle;1.70
product_template_618;magnet;180;-;;
product_template_619;magnet;181;-;fondue pot;1.70
product_template_620;magnet;182;-;Red cow head;1.70
product_template_621;magnet;183;-;Red cow;1.70
product_template_622;magnet;184;-;BW cow switzerland;1.70
product_template_623;magnet;185;-;Costume magnets;
product_template_624;magnet;186;-;Cuckoo;1.70
product_template_625;magnet;186;-;Raclette and wine MM;1.70
product_template_626;magnet;187;-;Cuckoo;1.70
product_template_627;magnet;188;-;Cuckoo;1.70
product_template_628;magnet;189;-;Cuckoo;1.70
product_template_629;magnet;190;-;Magnet box;2.40
product_template_630;magnet;191;-;Magnet box;2.40
product_template_631;magnet;192;-;BASEL charm magnet;2.00
product_template_632;magnet;193;-;Animals hand spinner;2.60
product_template_633;magnet;194;-;Yellow plates hand spinner;2.60
product_template_634;magnet;195;-;Bern Bear Magnet with bottle opener;
product_template_635;magnet;196;-;Camera magnet GENEVA;1.70
product_template_636;magnet;197;-;Camera magnet Bern bear;1.70
product_template_637;magnet;198;-;Camera magnet Bern;1.70
product_template_638;magnet;199;-;Camera magnet Switzerland;1.70
product_template_639;magnet;200;-;Bicycles magnet GENEVA;1.70
product_template_640;magnet;201;-;Bicycles magnet Bern;1.70
product_template_641;magnet;202;-;Bicycles magnet Zürich ;1.70
product_template_642;magnet;203;-;"Bear magnet with bottle opener UV printing
Green.White. Pink.Blue";2.00
product_template_643;magnet;204;-;Magnet Geneva broken chair;2.00
product_template_644;magnet;252;-;Genève water jet;1.70
product_template_645;magnet;257;-;Swiss mountains (magnet seins);1.70
product_template_646;magnet;258;-;Luzern Kapellbrücke;1.70
product_template_647;magnet;260;-;Bear I love Bern MM;
product_template_648;magnet;261;-;Metallic Montreux;1.00
product_template_649;magnet;262;-;Set Swiss DE;2.40
product_template_650;magnet;263;-;Set Swiss FR;2.40
product_template_651;magnet;264;-;Planchette aperitif;1.70
product_template_652;magnet;265;-;Metallic Genève;1.00
product_template_653;magnet;266;-;Metallic Bern;1.00
product_template_654;magnet;267;-;Fondue pot | 30x15 Metallic plate MM;1.70
product_template_655;magnet;268;-;Metallic Crans-Montana;1.00
product_template_656;magnet;269;-;Metallic Lausanne | 30x15 Metallic plate MM;1.00
product_template_657;magnet;271;-;Kapellbrücke Pilatus;1.70
product_template_658;magnet;272;-;Swiss map rubber Red;1.00
product_template_659;magnet;273;-;Swiss map rubber White;1.00
product_template_660;magnet;274;-;Metallic red poya;1.20
product_template_661;magnet;275;-;Metallic Pedestrian VS 10x3cm;1.20
product_template_662;magnet;276;-;Metallic Pedestrian Lausanne 10x3cm;1.20
product_template_663;magnet;277;-;Metallic Pedestrian Luzern 10x3cm;1.20
product_template_664;magnet;278;-;Metallic Pedestrian Zermatt 10x3cm;1.20
product_template_665;magnet;279;-;Metallic Pedestrian Interlaken 10x3cm;1.20
product_template_666;magnet;280;-;Metallic Pedestrian Bern 10x3cm;1.20
product_template_667;magnet;281;-;Metallic Pedestrian GE 10x3cm;1.20
product_template_668;magnet;282;-;Metallic Pedestrian ZU 10x3cm;1.20
product_template_669;magnet;284;-;Metallic Pedestrian Rheinfall 10x3cm;1.20
product_template_670;magnet;285;-;Swiss map Interlaken;1.00
product_template_671;magnet;286;-;Swiss map Lausanne;1.00
product_template_672;magnet;287;-;Swiss map Luzern;1.00
product_template_673;magnet;288;-;Swiss map Rheinfall;1.00
product_template_674;magnet;289;-;Swiss map Zermatt  (night);1.00
product_template_675;magnet;290;-;Swiss map Zermatt;1.00
product_template_676;magnet;291;-;Bear Bern Switzerland;1.70
product_template_677;magnet;292;-;Swiss map Zürich;1.00
product_template_678;magnet;293;-;Zytglogge;1.70
product_template_679;magnet;294;-;Swiss map Genève;1.00
product_template_680;magnet;295;-;Swiss map Bern;1.00
product_template_681;magnet;296;-;Swiss map Montreux;1.00
product_template_682;magnet;297;-;Swiss map Crans-Montana;1.00
product_template_683;magnet;298;-;Metallic Pedestrian Gruyères 10x3cm;1.20
product_template_684;magnet;299;-;Swiss map panorama;1.00
product_template_685;magnet;300;-;Switzerland red MM;1.70
product_template_686;magnet;301;-;bottle-opener Dookie MM;2.00
product_template_687;magnet;302;-;Metallic cycle track;1.20
product_template_688;magnet;303;-;Red cow over Switzerland text MM;1.70
product_template_689;magnet;304;-;Fondue cheese. cow. bell MM;2.00
product_template_690;magnet;305;-;Cow bell Switzerland MM;2.00
product_template_691;magnet;306;-;Jungfraujoch MM;2.00
product_template_692;magnet;307;-;Golden bell swiss flag;1.70
product_template_693;magnet;307;-;Water jet magnet MM;2.00
product_template_694;magnet;308;-;flag. clock. water jet. chocolate MM;2.00
product_template_695;magnet;315;-;Bear MM;2.00
product_template_696;magnet;316;-;Zytglogge MM;2.00
product_template_697;magnet;317;-;Zytglogge MM;2.00
product_template_698;magnet;318;-;Zytglogge MM;1.70
product_template_699;magnet;319;-;Heart shaped Zytglogge;1.70
product_template_700;magnet;320;-;Bear head trophy;1.70
product_template_701;magnet;321;-;Interlaken;2.00
product_template_702;magnet;322;-;Montreux;2.00
product_template_703;magnet;323;-;Lausanne-Ouchy harbour;1.70
product_template_704;magnet;324;-;Cathedral Lausanne MM;2.00
product_template_705;magnet;326;-;Lausanne Ouchy harbour MM;1.30
product_template_706;magnet;327;-;Metallic Poya;1.00
product_template_707;magnet;328;-;Dookie MM;2.00
product_template_708;magnet;336;-;Magnet Einstein Crystal;1.00
product_template_709;magnet;337;-;Hearth shaped Gruyères;1.70
product_template_710;magnet;338;-;Gruyères city double sided MM;1.30
product_template_711;magnet;339;-;Crans-Montana double sided MM;1.30
product_template_712;magnet;340;-;Heart Bern;1.00
product_template_713;magnet;341;-;Heart Zermatt;1.00
product_template_714;magnet;342;-;Heart Zürich;1.00
product_template_715;magnet;343;-;Heart Crans-Montana;1.00
product_template_716;magnet;344;-;Heart Genève;1.00
product_template_717;magnet;345;-;Heart Interlaken;1.00
product_template_718;magnet;346;-;Heart Lausanne;1.00
product_template_719;magnet;347;-;Heart Luzern;1.00
product_template_720;magnet;348;-;Heart Montreux;1.00
product_template_721;magnet;349;-;Heart Rheinfall;1.00
product_template_722;magnet;350;-;Heart Switzerland;1.00
product_template_723;magnet;352;-;Bear figurine FIG;3.00
product_template_724;magnet;353;-;Heart Freddie;1.00
product_template_725;magnet;355;-;Bottle-opener MM;2.00
product_template_726;magnet;356;-;grey cow head with flower;1.70
product_template_727;magnet;358;-;Cuckoo clock;5.00
product_template_728;magnet;359;-;Double-sided GE;1.30
product_template_729;magnet;360;-;Water jet Switzerland MM;1.70
product_template_730;magnet;361;-;Water jet Genève;
product_template_731;magnet;362;-;Cow bell Genève MM;1.70
product_template_732;magnet;363;-;double-sided panorama MM;1.30
product_template_733;magnet;364;-;Limmat MM;2.00
product_template_734;magnet;365;-;Hearth shaped Limmat MM;1.70
product_template_735;magnet;366;-;double-sided Zytglogge MM;1.30
product_template_736;magnet;367;-;Bear. Zytglogge figurine FIG;3.50
product_template_737;magnet;368;-;Zytglogge figurine FIG;3.50
product_template_738;magnet;369;-;Lausanne City MM;1.30
product_template_739;magnet;370;-;Rheinfall MM;2.00
product_template_740;magnet;371;-;Grd St-Bernard MM;2.00
product_template_741;magnet;372;-;Zermatt hanger MM;2.00
product_template_742;magnet;373;-;Matterhorn train MM;1.30
product_template_743;magnet;374;-;Matterhorn Valais MM;1.70
product_template_744;magnet;376;-;Zermatt MM;2.00
product_template_745;magnet;377;-;Matterhorn Valais;1.70
product_template_746;magnet;378;-;Kapellbrücke MM;1.30
product_template_747;magnet;379;-;Montreux MM;2.00
product_template_748;magnet;380;-;Castle double sided MM;1.30
product_template_749;magnet;381;-;Montreux double sided MM;1.30
product_template_750;magnet;382;-;Rheinfall double sided MM;1.30
product_template_751;magnet;383;-;Hearth Rheinfall;1.70
product_template_752;magnet;384;-;Bear with cub;1.70
product_template_753;magnet;385;-;Fondue pot Bern;1.70
product_template_754;magnet;386;-;Fondue pot Crans-Montana;1.70
product_template_755;magnet;387;-;Fondue pot Genève;1.70
product_template_756;magnet;388;-;Fondue pot Interlaken;1.70
product_template_757;magnet;389;-;Fondue pot Lausanne;1.70
product_template_758;magnet;390;-;Fondue pot Luzern;1.70
product_template_759;magnet;391;-;Fondue pot Montreux;1.70
product_template_760;magnet;392;-;Fondue pot Rheinfall;1.70
product_template_761;magnet;393;-;Fondue pot Zermatt;1.70
product_template_762;magnet;394;-;Fondue pot Zürich;1.70
product_template_763;magnet;395;-;Bern;1.00
product_template_764;magnet;396;-;Crans-Montana;1.00
product_template_765;magnet;397;-;Genève;1.00
product_template_766;magnet;398;-;Interlaken;1.00
product_template_767;magnet;399;-;Lausanne;1.00
product_template_768;magnet;400;-;Luzern;1.00
product_template_769;magnet;401;-;Montreux;1.00
product_template_770;magnet;402;-;Rheinfall;1.00
product_template_771;magnet;403;-;Zermatt;1.00
product_template_772;magnet;404;-;Zürich;1.00
product_template_773;magnet;405;-;Switzerland;1.00
product_template_774;magnet;406;-;Swiss Round;2.00
product_template_775;magnet;408;-;Hanger Crans-Montana;2.00
product_template_776;magnet;409;-;Cartoon cow;2.00
product_template_777;magnet;410;-;bell magnet Gd-St-Bernard;3.00
product_template_778;magnet;411;-;bell magnet Zürich;3.00
product_template_779;magnet;412;-;bell magnet Luzern;3.00
product_template_780;magnet;413;-;bell magnet Lausanne;3.00
product_template_781;magnet;414;-;bell magnet Bern;3.00
product_template_782;magnet;415;-;bell magnet Interlaken;3.00
product_template_783;magnet;416;-;bell magnet Switzerland;3.00
product_template_784;magnet;417;-;bell magnet Rheinfall;3.00
product_template_785;magnet;418;-;Spoon magnet. bottle opener;2.00
product_template_786;magnet;420;-;Bottle-opener BE;2.00
product_template_787;magnet;421;-;Bottle-opener Crans-Montana;2.00
product_template_788;magnet;422;-;Bottle-opener GE;2.00
product_template_789;magnet;423;-;Bottle-opener IN;2.00
product_template_790;magnet;424;-;Bottle-opener LU;2.00
product_template_791;magnet;425;-;Bottle-opener Nyon;2.00
product_template_792;magnet;426;-;Bottle-opener Rheinfall;2.00
product_template_793;magnet;427;-;Bottle-opener Switzerland;2.00
product_template_794;magnet;428;-;Bottle-opener Zermatt;2.00
product_template_795;magnet;429;-;Bottle-opener ZU;2.00
product_template_796;magnet;430;-;Edelweiss on bell;1.90
product_template_797;magnet;431;-;Decorative frame BE;2.00
product_template_798;magnet;432;-;Decorative frame Crans-Montana;2.00
product_template_799;magnet;433;-;Decorative frame GE;2.00
product_template_800;magnet;434;-;Decorative frame IN;2.00
product_template_801;magnet;435;-;Decorative frame LU;2.00
product_template_802;magnet;436;-;Decorative frame Nyon;2.00
product_template_803;magnet;437;-;Decorative frame RH;2.00
product_template_804;magnet;438;-;Decorative frame CH;2.00
product_template_805;magnet;439;-;Decorative frame Zermatt;2.00
product_template_806;magnet;440;-;Decorative frame ZU;2.00
product_template_807;magnet;441;-;Red edelweiss;1.90
product_template_808;magnet;442;-;Swiss chocolate packaging;1.70
product_template_809;magnet;443;-;Resin Bern Magnet;1.70
product_template_810;magnet;445;-;Metallic Switzerland 10x6cm;1.20
product_template_811;magnet;446;-;Metallic framed 10x6cm;1.20
product_template_812;magnet;447;-;Metallic swiss pikes 10x6cm;1.20
product_template_813;magnet;448;-;Metallic Valais 10x6cm;1.20
product_template_814;magnet;449;-;Metallic Genève 10x6cm;1.20
product_template_815;magnet;450;-;Metallic Vaud 10x6cm;1.20
product_template_816;magnet;451;-;Metallic Bern 10x6cm;1.20
product_template_817;magnet;452;-;Metallic Zürich 10x6cm;1.20
product_template_818;magnet;453;-;Metallic Pedestrian 10x3cm;1.20
product_template_819;magnet;454;-;Bern Bear ;1.00
product_template_820;magnet;454;-;Bottle-opener dookie;2.00
product_template_821;magnet;454;-;Cheese Fondue spinner;2.60
product_template_822;magnet;455;-;Cheese Fondue magnet;2.00
product_template_823;magnet;456;-;Einstein head E=mc2;1.70
product_template_824;magnet;457;-;METALLIC MAGNET Vevey;1.00
product_template_825;magnet;458;-;Swiss animals  MDF (in cork);1.00
product_template_826;magnet;459;-;Swiss cities MDF (in cork);1.00
product_template_827;magnet;460;-;Einstein;1.00
product_template_828;magnet;461;-;Swiss ropeway ;2.00
product_template_829;magnet;462;-;Swiss boat;2.00
product_template_830;magnet;463;-;Swiss train;2.00
product_template_831;magnet;471;-;Switzerland Wood Signs;1.70
product_template_832;magnet;472;-;Heart Basel Switzerland;1.00
product_template_833;magnet;473;-;Basel Switzerland map;1.00
product_template_834;magnet;474;-;METALLIC MAGNET Vevey;1.00
product_template_835;magnet;477;-;Bear magnet resin;1.70
product_template_836;Pens;21;-;Pen switzerland display;1.20
product_template_837;Pens;24;-;Color pencils set Switzerland;1.60
product_template_838;Pens;290;-;stylo edelweiss;0.60
product_template_839;Pens;291;-;stylo Switzerland;0.50
product_template_840;Pens;292;-;stylo Switzerland bois;0.50
product_template_841;Pens;293;-;stylo Switzerland chocolat;0.50
product_template_842;Pens;294;-;boîte crayon Switzerland;1.50
product_template_843;Pens;295;-;crayon Switzerland (ou 22);1.20
product_template_844;Keyring;1;-;Swiss flag cow edelweiss;1.90
product_template_845;Keyring;2;-;Heart swiss label;1.90
product_template_846;Keyring;3;-;Label edelweiss;1.90
product_template_847;Keyring;4;-;Heart cow edelweiss;1.90
product_template_848;Keyring;5;-;Heart cow edelweiss chained;1.90
product_template_849;Keyring;6;-;Cow edelweiss;1.90
product_template_850;Keyring;7;-;Cow edelweiss bottle opener;1.90
product_template_851;Keyring;8;-;Edelweiss swiss heart;1.90
product_template_852;Keyring;9;-;dice with label;1.90
product_template_853;Keyring;10;-;ringged dice;1.90
product_template_854;Keyring;12;-;I love switzerland hearted;1.90
product_template_855;Keyring;13;-;Swiss flag label;1.90
product_template_856;Keyring;14;-;Edelweiss chained Bell Availlible in gold. gold slimer. silver;1.90
product_template_857;Keyring;15;-;Swiss coat of arm chained;1.90
product_template_858;Keyring;16;-;Metallic plate swiss flag;1.90
product_template_859;Keyring;17;-;Swiss sneaker label;1.90
product_template_860;Keyring;18;-;Label silver heart swiss round;1.90
product_template_861;Keyring;19;-;label olympic;1.90
product_template_862;Keyring;20;-;Heart shaped swiss;1.90
product_template_863;Keyring;21;-;poya swiss knife;1.90
product_template_864;Keyring;22;-;mosaic heart;1.90
product_template_865;Keyring;23;-;Edelweiss pen red or black pen;1.90
product_template_866;Keyring;24;-;cow chocolate edelweiss label;1.90
product_template_867;Keyring;25;-;I love switzerland square flag;1.90
product_template_868;Keyring;26;-;Watch switzerland label;1.90
product_template_869;Keyring;27;-;gem crown I love swiss;1.90
product_template_870;Keyring;28;-;Bottle opener;1.90
product_template_871;Keyring;29;-;whistle;1.90
product_template_872;Keyring;30;-;I heart swiss dice;1.90
product_template_873;Keyring;31;-;Edelweiss spinner;1.90
product_template_874;Keyring;32;-;nail clippers;1.90
product_template_875;Keyring;33;-;Swiss Key;1.90
product_template_876;Keyring;34;-;white bear I love swiss;1.90
product_template_877;Keyring;35;-;brown bear I love bern;1.90
product_template_878;Keyring;36;-;cow heart edelweiss;1.90
product_template_879;Keyring;37;-;key swiss heart;1.90
product_template_880;Keyring;38;-;golden lingot;1.90
product_template_881;Keyring;39;-;sock swiss heart edelweiss;1.90
product_template_882;Keyring;40;-;cow milk churn swiss heart;1.90
product_template_883;Keyring;41;-;hockey;1.90
product_template_884;Keyring;42;-;ski;1.90
product_template_885;Keyring;43;-;cabin;1.90
product_template_886;Keyring;44;-;swiss flag St-Bernard;1.90
product_template_887;Keyring;46;-;ringing bell;
product_template_888;Keyring;47;-;Traditionnal ringing bell;
product_template_889;Keyring;48;-;4 language square swiss flag;1.90
product_template_890;Keyring;49;-;Suisse swiss square flag;1.90
product_template_891;Keyring;50;-;heart letter swiss;1.90
product_template_892;Keyring;51;-;Switzerland shape;1.90
product_template_893;Keyring;52;-;Lausanne medal;1.90
product_template_894;Keyring;53;-;swiss ski club;
product_template_895;Keyring;54;-;heart swiss flag swiss label;1.90
product_template_896;Keyring;55;-;swiss karabiner;1.90
product_template_897;Keyring;56;-;swiss shield;1.90
product_template_898;Keyring;57;-;geneve coat of arm;1.90
product_template_899;Keyring;58;-;Bern coat of arm;1.90
product_template_900;Keyring;59;-;Valais Valais coat of arm;1.90
product_template_901;Keyring;60;-;Switzerland necklace;1.90
product_template_902;Keyring;61;-;Love switzerland white cross;1.90
product_template_903;Keyring;62;-;Gruyeres coat of arm;1.90
product_template_904;Keyring;63;-;suisse heart bottle opener;1.90
product_template_905;Keyring;65;-;Nail clipper;1.90
product_template_906;Keyring;66;-;Metallic plate Valais;1.90
product_template_907;Keyring;70;-;Photo frame;1.90
product_template_908;Keyring;71;-;Switzerland. cow and cuckoo clock;1.90
product_template_909;Keyring;72;-;Bear with Swiss and Bern flags;1.90
product_template_910;Keyring;73;-;Corkscrew;1.90
product_template_911;Keyring;74;-;Edelweiss. cow and bell;1.90
product_template_912;Keyring;76;-;Poya Swiss army knife;1.90
product_template_913;Keyring;77;-;Wood Swiss army knife;1.90
product_template_914;Keyring;78;-;Tool Swiss army knife;4.00
product_template_915;Keyring;79;-;Tool poya Swiss army knife;2.50
product_template_916;Keyring;81;-;Spoon Swiss army knife;4.00
product_template_917;Keyring;82;-;Bottle opener corkscrew;2.00
product_template_918;Keyring;83;-;Swiss knife poya;2.50
product_template_919;Keyring;84;-;Scissor swiss army knife;4.00
product_template_920;Keyring;85;-;wooden swiss army knife;3.50
product_template_921;Keyring;86;-;swiss army knife;2.50
product_template_922;Keyring;87;-;Heart shaped switzerland;1.90
product_template_923;Keyring;90;-;compass bottle opener;1.90
product_template_924;Keyring;91;-;poya swiss army knife;2.50
product_template_925;Keyring;92;-;poya metalic swiss army knife;2.00
product_template_926;Keyring;93;-;spoon fork swiss army knife;3.00
product_template_927;Keyring;95;-;Swiss Vapeur Parc;
product_template_928;Keyring;97;-;Dookie bottle opener;1.90
product_template_929;Keyring;98;-;Dookie flower;1.90
product_template_930;Keyring;99;-;Dookie skiing;1.90
product_template_931;Keyring;101;-;I love Swiss;1.90
product_template_932;Keyring;102;-;Swiss Ski;1.90
product_template_933;Keyring;103;-;Swiss beer;1.90
product_template_934;Keyring;105;-;Bella keychain;
product_template_935;Keyring;106;-;Bella cow;1.90
product_template_936;Keyring;107;-;Bear Bern;1.90
product_template_937;Keyring;108;-;Swiss Boat;1.90
product_template_938;Keyring;120;-;Switzerland I love you;1.90
product_template_939;Keyring;121;-;Imitation leather lablel;1.90
product_template_940;Keyring;130;-;Lausanne Bell red cow label;1.90
product_template_941;Keyring;131;-;Bern Bell red cow label;1.90
product_template_942;Keyring;132;-;Zermatt Bell red cow label;1.90
product_template_943;Keyring;133;-;Gruyères Bell red cow label;1.90
product_template_944;Keyring;134;-;Lucerne Bell red cow label;1.90
product_template_945;Keyring;135;-;Montreux Bell red cow label;1.90
product_template_946;Keyring;136;-;Morgins Bell red cow label;1.90
product_template_947;Keyring;137;-;Genève Bell red cow label;1.90
product_template_948;Keyring;138;-;Swiss map Switzerland;1.90
product_template_949;Keyring;139;-;Bern medal;1.90
product_template_950;Keyring;140;-;Genève medal;1.90
product_template_951;Keyring;141;-;Lausanne Vaud medal;1.90
product_template_952;Keyring;142;-;Gruyères medal;1.90
product_template_953;Keyring;143;-;Luzern medal;1.90
product_template_954;Keyring;144;-;Raclette swiss shield cow;1.90
product_template_955;Keyring;145;-;Swiss army knife;1.90
product_template_956;Keyring;146;-;flake boot swiss shield ski;1.90
product_template_957;Keyring;147;-;St-Bernard;1.90
product_template_958;Keyring;150;-;Label remove before dream;1.90
product_template_959;Keyring;161;-;Bell letter B;
product_template_960;Keyring;162;-;Bell letter C;
product_template_961;Keyring;163;-;Bell letter D;
product_template_962;Keyring;164;-;Bell letter E;
product_template_963;Keyring;165;-;Bell letter F;
product_template_964;Keyring;166;-;Bell letter G;
product_template_965;Keyring;167;-;Bell letter H;
product_template_966;Keyring;168;-;Bell letter I;
product_template_967;Keyring;169;-;Bell letter J;
product_template_968;Keyring;170;-;Bell letter K;
product_template_969;Keyring;171;-;Bell letter L;
product_template_970;Keyring;172;-;Bell letter M;
product_template_971;Keyring;173;-;Bell letter N;
product_template_972;Keyring;174;-;Bell letter O;
product_template_973;Keyring;175;-;Bell letter P;
product_template_974;Keyring;176;-;Bell letter Q;
product_template_975;Keyring;177;-;Bell letter R;
product_template_976;Keyring;178;-;Bell letter S;
product_template_977;Keyring;179;-;Bell letter T;
product_template_978;Keyring;180;-;Bell letter U;
product_template_979;Keyring;181;-;Bell letter V;
product_template_980;Keyring;182;-;Bell letter W;
product_template_981;Keyring;183;-;Bell letter X;
product_template_982;Keyring;184;-;Bell letter Y;
product_template_983;Keyring;185;-;Bell letter Z;
product_template_984;Keyring;186;-;Pill box Switzerland;1.90
product_template_985;Keyring;187;-;City plate Genève;1.90
product_template_986;Keyring;188;-;City plate Lausanne;1.90
product_template_987;Keyring;189;-;City plate Montreux;1.90
product_template_988;Keyring;190;-;City plate Bern;1.90
product_template_989;Keyring;191;-;City plate Zürich;1.90
product_template_990;Keyring;192;-;City plate Crans-Montana;1.90
product_template_991;Keyring;193;-;City plate Zermatt;1.90
product_template_992;Keyring;194;-;City plate Rheinfall;1.90
product_template_993;Keyring;195;-;City plate Luzern;1.90
product_template_994;Keyring;196;-;City plate Interlaken;1.90
product_template_995;Keyring;200;-;Round double-sided Bern;1.90
product_template_996;Keyring;201;-;Double-sided Crans-Montana;1.90
product_template_997;Keyring;202;-;Round double-sided Genève;1.90
product_template_998;Keyring;203;-;Round double-sided Interlaken;1.90
product_template_999;Keyring;204;-;Round double-sided Luzern;1.90
product_template_1000;Keyring;205;-;Round double-sided Montreux;1.90
product_template_1001;Keyring;206;-;Round double-sided Rheinfall;1.90
product_template_1002;Keyring;207;-;Round double-sided;1.90
product_template_1003;Keyring;208;-;Round double-sided Zermatt;1.90
product_template_1004;Keyring;209;-;Round double-sided Zürich;1.90
product_template_1005;Keyring;210;-;Nail clippers Interlaken;2.00
product_template_1006;Keyring;211;-;Nail clippers Genève;2.00
product_template_1007;Keyring;212;-;Nail clippers Zürich;2.00
product_template_1008;Keyring;213;-;Nail clippers Bern;2.00
product_template_1009;Keyring;214;-;Nail clippers Zermatt;2.00
product_template_1010;Keyring;215;-;Nail clippers;2.00
product_template_1011;Keyring;216;-;Profil medal;1.90
product_template_1012;Keyring;217;-;Spinner;1.90
product_template_1013;Keyring;218;-;chaussure de ski. cœur. flocon;1.90
product_template_1014;Keyring;220;-;Round double-sided Bern;1.90
product_template_1015;Keyring;221;-;Round double-sided Genève;1.90
product_template_1016;Keyring;222;-;Round double-sided Lausanne;1.90
product_template_1017;Keyring;223;-;Round double-sided Montreux;1.90
product_template_1018;Keyring;224;-;Round double-sided Zürich;1.90
product_template_1019;Keyring;225;-;Nati supporter;1.90
product_template_1020;Keyring;226;-;Dookie key;1.90
product_template_1021;Keyring;227;-;Round double-sided Gruyères;1.90
product_template_1022;Keyring;228;-;Swiss army knife;2.60
product_template_1023;Keyring;229;-;Karabiner;1.90
product_template_1024;Keyring;230;-;Cows;1.90
product_template_1025;Keyring;231;-;Heart keychain. I love Swiss;1.90
product_template_1026;Keyring;232;-;Hiker sign Switzerland;
product_template_1027;Keyring;233;-;swiss map keychain;1.90
product_template_1028;Keyring;234;-;poya heart keychain;1.90
product_template_1029;Keyring;235;-;Bern Bear keyring;1.90
product_template_1030;Keyring;236;-;Einstein Keyring. double-side;1.90
product_template_1031;Keyring;237;-;Geneva with clock keyring. double-side;1.90
product_template_1032;Keyring;238;-;Bern Bear. double-side / Interlaken keyring;1.90
product_template_1033;Keyring;239;-;Bern yellow keychain;1.90
product_template_1034;Keyring;240;-;Geneva yellow keychain;1.90
product_template_1035;Keyring;241;-;Montreux yellow keychain;1.90
product_template_1036;Keyring;242;-; Zermatt yellow keychain;1.90
product_template_1037;Keyring;243;-;Zürich yellow keychain;1.90
product_template_1038;Keyring;244;-;Interlaken yellow keychain;1.90
product_template_1039;Keyring;245;-;Alphabet poya A;1.50
product_template_1040;Keyring;246;-;Alphabet poya B;1.50
product_template_1041;Keyring;247;-;Alphabet poya C;1.50
product_template_1042;Keyring;248;-;Alphabet poya D;1.50
product_template_1043;Keyring;249;-;Alphabet poya E;1.50
product_template_1044;Keyring;250;-;Alphabet poya F;1.50
product_template_1045;Keyring;251;-;Alphabet poya G;1.50
product_template_1046;Keyring;252;-;Alphabet poya H;1.50
product_template_1047;Keyring;253;-;Alphabet poya I;1.50
product_template_1048;Keyring;254;-;Alphabet poya J;1.50
product_template_1049;Keyring;255;-;Alphabet poya K;1.50
product_template_1050;Keyring;256;-;Alphabet poya L;1.50
product_template_1051;Keyring;257;-;Alphabet poya M;1.50
product_template_1052;Keyring;258;-;Alphabet poya N;1.50
product_template_1053;Keyring;259;-;Alphabet poya O;1.50
product_template_1054;Keyring;260;-;Alphabet poya P;1.50
product_template_1055;Keyring;261;-;Alphabet poya Q;1.50
product_template_1056;Keyring;262;-;Alphabet poya R;1.50
product_template_1057;Keyring;263;-;Alphabet poya S;1.50
product_template_1058;Keyring;264;-;Alphabet poya T;1.50
product_template_1059;Keyring;265;-;Alphabet poya U;1.50
product_template_1060;Keyring;266;-;Alphabet poya V;1.50
product_template_1061;Keyring;267;-;Alphabet poya W;1.50
product_template_1062;Keyring;268;-;Alphabet poya X;1.50
product_template_1063;Keyring;269;-;Alphabet poya Y;1.50
product_template_1064;Keyring;270;-;Alphabet poya Z;1.50
product_template_1065;Keyring;271;-;Zermatt Dookie keychain;1.90
product_template_1066;Keyring;272;-;Basel Dookie keychain;1.90
product_template_1067;Keyring;273;-;Bern Dookie keychain;1.90
product_template_1068;Keyring;274;-;Zürich Dookie keychain;1.90
product_template_1069;Keyring;275;-;Lausanne Dookie keychain;1.90
product_template_1070;Keyring;276;-;Montreux Dookie keychain;1.90
product_template_1071;Keyring;277;-;Rheinfall Dookie keychain;1.90
product_template_1072;Keyring;278;-;Interlaken Dookie keychain;1.90
product_template_1073;Keyring;279;-;3D Bear Keyring;2.40
product_template_1074;Keyring;280;-;3D Bag gold Keyring;2.40
product_template_1075;Keyring;281;-;Swiss knife keychain;2.40
product_template_1076;Keyring;282;-;Clé. cœur. suisse;1.90
product_template_1077;Keyring;283;-;plush bear keychain. 8 cm;
product_template_1078;Keyring;284;-;Dookie charm keychain. face;2.20
product_template_1079;Keyring;285;-;Dookie charm keychain. profile;2.20
product_template_1080;Keyring;286;-;3D cow keychain;2.20
product_template_1081;Keyring;287;-;3D metal bear keychain;2.40
product_template_1082;Keyring;288;-;resin bear keychain;2.40
product_template_1083;Keyring;289;-;Map silver or gold;2.40
product_template_1084;Keyring;290;-;Swiss shoes gold keychain;2.40
product_template_1085;Keyring;291;-;Bear gold. diamond;2.40
product_template_1086;Keyring;292;-;Swiss bear. gold. silver and diamond;2.40
product_template_1087;Keyring;293;-;I love SWISS words keychain silver or gold;2.40
product_template_1088;Keyring;294;-;SWISS Bag keychain ;
product_template_1089;Keyring;295;-;SWISS Bell keychain Gold;
product_template_1090;Keyring;296;-;BERN Padlock keychain with Printing logo;1.90
product_template_1091;Keyring;297;-;Zürich Padlock keychain with Printing logo;1.90
product_template_1092;Keyring;298;-;Genève Padlock keychain with Printing logo;1.90
product_template_1093;Keyring;299;-;Swiss Padlock keychain with Printing logo;1.90
product_template_1094;Keyring;300;-;Keyring Geneva broken chair ;
product_template_1095;Keyring;301;-;Skis;
product_template_1096;Keyring;303;-;3D Swiss bag gold Keyring;2.40
product_template_1097;Keyring;304;-;Swiss shoes silver keychain;2.40
product_template_1098;Soft Toy;88;-;15 cm Teddy bear;5.00
product_template_1099;Soft Toy;89;-;25 cm Teddy bear;7.00
product_template_1100;Soft Toy;90;-;15 cm Teddy bear;5.00
product_template_1101;Soft Toy;235;-;15 cm St-Bernard soft toy;6.00
product_template_1102;Soft Toy;236;-;20 cm St-Bernard soft toy MM;7.00
product_template_1103;Soft Toy;237;-;15 cm St-Bernard laying soft toy;6.00
product_template_1104;Soft Toy;238;-;20 cm St-Bernard laying soft toy;7.00
product_template_1105;Soft Toy;239;-;20 cm marmot soft toy;7.00
product_template_1106;Soft Toy;240;-;20 cm swiss collar teddy bear;6.00
product_template_1107;Soft Toy;283;-;8 cm plush bear keychain;2.50
product_template_1108;Soft Toy;236;-;15 cm plush bear;3.50
product_template_1109;T-Shirts;-;5 TS;Matterhorn flecked grey;8.50
product_template_1110;T-Shirts;-;22 TS;Switzerland;8.50
product_template_1111;T-Shirts;-;24 TS;Matterhorn Switzerland. Enfant;7.50
product_template_1112;T-Shirts;-;24 TS;Matterhorn Switzerland. Adulte;8.50
product_template_1113;T-Shirts;-;25 TS;Switzerland 1291 navy;8.50
product_template_1114;T-Shirts;-;35 TS;Cow and mountains Switzerland;8.50
product_template_1115;T-Shirts;-;47 TS;Matterhorn flecked grey. Enfant;7.50
product_template_1116;T-Shirts;-;48 TS;Cow Switzerland. Enfant;7.50
product_template_1117;T-Shirts;-;50 TS;Great Adventure Zermatt;8.50
product_template_1118;T-Shirts;-;52 TS;Country of alps;8.50
product_template_1119;T-Shirts;-;53 TS;Nine Cow white. Enfant;7.50
product_template_1120;T-Shirts;-;55 TS;Cow;8.50
product_template_1121;T-Shirts;-;56 TS;Einstein;8.50
product_template_1122;T-Shirts;-;57 TS;Swiss map;8.50
product_template_1123;T-Shirts;-;58 TS;Waves;8.50
product_template_1124;T-Shirts;-;59 TS;Golden mountains;8.50
product_template_1125;T-Shirts;-;60 TS;Baseball lettering;8.50
product_template_1126;T-Shirts;-;101 TS;Laurels embroidered white or black;9.50
product_template_1127;T-Shirts;-;104 TS;Switzerland embroidered black or blue;9.50
product_template_1128;T-Shirts;-;105 TS;Swiss embroidered pearl;9.50
product_template_1129;T-Shirts;-;106 TS;Edelweiss embroidered pearl;9.50
product_template_1130;T-Shirts;-;116 TS;Interlaken laurels grey;9.50
product_template_1131;T-Shirts;-;117 TS;Bern laurels navy;9.50
product_template_1132;T-Shirts;-;118 TS;Genève laurels navy;9.50
product_template_1133;T-Shirts;-;119 TS;Zürich laurels navy;9.50
product_template_1134;T-Shirts;-;128 TS;Swiss red boxer;8.00
product_template_1135;T-Shirts;-;129 TS;Swiss red string;4.00